utterance,expected_intent,predicted,confidence,correct,error
"I have a question about cancelling an order",cancel_order,cancel_order,1,true,
"help canceling the order I have made",cancel_order,cancel_order,1,true,
"I do not know how to cancel an order I have made",cancel_order,cancel_order,1,true,
"where can I cancel the last order I made?",cancel_order,cancel_order,1,true,
"I don't want the last order I made",cancel_order,cancel_order,1,true,
"where could I cancel my order?",cancel_order,cancel_order,1,true,
"I have got to change an item of an order",change_order,change_order,1,true,
"can you help me removing several items from an order?",change_order,change_order,1,true,
"could you help me change an order I have made?",change_order,change_order,1,true,
"I cannot change an item of an order",change_order,change_order,1,true,
"problem with adding something",change_order,change_order,1,true,
"where could I find information about changing an order?",change_order,change_order,1,true,
"I do not know how I could change my shipping address",change_shipping_address,change_shipping_address,1,true,
"I need assistance changing the shipping address",change_shipping_address,change_shipping_address,1,true,
"can you tell me about updating the address?",change_shipping_address,change_shipping_address,0.96,true,
"I have errors trying to update my shipping address",change_shipping_address,change_shipping_address,0.99,true,
"want support changing the shipping address",change_shipping_address,change_shipping_address,1,true,
"i do not know how to editmy shipping address",change_shipping_address,change_shipping_address,1,true,
"show me the termination fees",check_cancellation_fee,check_cancellation_fee,1,true,
"I need  assistance to see the termination penalty",check_cancellation_fee,check_cancellation_fee,1,true,
"I have got to see the termination charge",check_cancellation_fee,check_cancellation_fee,1,true,
"could you help me check the cancellation fee?",check_cancellation_fee,check_cancellation_fee,1,true,
"where can I check the cancellation fee?",check_cancellation_fee,check_cancellation_fee,1,true,
"I need assistance checking the cancellation fees",check_cancellation_fee,check_cancellation_fee,1,true,
"could you help me to take a quick look at my invoice?",check_invoice,check_invoice,1,true,
"I don't know how to find the invoices from last month",check_invoice,check_invoice,0.68,true,
"I want assistance to find the invoices from June",check_invoice,get_invoice,0.92,false,
"I need assistance to check my invoices",check_invoice,check_invoice,1,true,
"I have to find my invoices",check_invoice,check_invoice,0.86,true,
"I want assistance finding the invoices from 7 months ago",check_invoice,get_invoice,0.74,false,
"I have to see the accepted payment options",check_payment_methods,check_payment_methods,1,true,
"I do not know how to check the payment options",check_payment_methods,check_payment_methods,1,true,
"i dont know what i need to do to list ur payment options",check_payment_methods,,,false,"Failed after 3 attempts. Last error: GatewayRateLimitError: The upstream provider is currently experiencing high demand. Please retry shortly."
"can you help me checking what payment methods are available?",check_payment_methods,check_payment_methods,1,true,
"help checking what payment methods are available",check_payment_methods,check_payment_methods,1,true,
"what are your allowed payment methods?",check_payment_methods,check_payment_methods,1,true,
"I want to check in what cases can I ask to be refunded",check_refund_policy,check_refund_policy,0.96,true,
"I try to check in what cases can I ask for refunds",check_refund_policy,check_refund_policy,0.99,true,
"help me checking how long refunds usually take",check_refund_policy,check_refund_policy,1,true,
"can I check under what circumstances can I ask for refunds?",check_refund_policy,check_refund_policy,1,true,
"can you help me to check your refund policy?",check_refund_policy,check_refund_policy,1,true,
"assistance to check your money back policy",check_refund_policy,check_refund_policy,0.99,true,
"help me file a complaint against your business",complaint,complaint,1,true,
"I call to file a complaint against your business",complaint,complaint,1,true,
"I need help to file a complaint against your business",complaint,complaint,1,true,
"can you help  me making a claim against your business?",complaint,complaint,0.99,true,
"I need assistance to file a complaint against your business",complaint,complaint,1,true,
"i do not know how to make a fucking consumer reclamation",complaint,complaint,1,true,
"how to check at what time customer service available is?",contact_customer_service,contact_customer_service,1,true,
"I would like to contact customer service",contact_customer_service,contact_customer_service,0.97,true,
"I am trying to contact customer service",contact_customer_service,contact_customer_service,0.98,true,
"what time is customer service available?",contact_customer_service,contact_customer_service,1,true,
"needto speak with customer support how to do it",contact_customer_service,contact_customer_service,0.9,true,
"i need assistance to get in touch with customer support",contact_customer_service,contact_customer_service,0.99,true,
"assistance tospeak with an operator",contact_human_agent,contact_human_agent,1,true,
"could ya help me to speak to a live agent",contact_human_agent,contact_human_agent,1,true,
"help to speak to a person",contact_human_agent,contact_human_agent,1,true,
"i dont know what to do to speak with a person",contact_human_agent,contact_human_agent,0.99,true,
"help  me talking to somebody",contact_human_agent,contact_human_agent,0.95,true,
"assistance to contact an agent",contact_human_agent,contact_human_agent,1,true,
"i dont know what to do to create another standard account",create_account,create_account,1,true,
"i need assistance to craete a new user account",create_account,create_account,1,true,
"I need help to open a fucking account",create_account,create_account,0.99,true,
"need to creae a different online account how can i do it",create_account,create_account,0.99,true,
"I am not your customer yet, I need assistaance registering",create_account,create_account,0.97,true,
"I do not know how to register",create_account,,,false,"Failed after 3 attempts. Last error: GatewayRateLimitError: The upstream provider is currently experiencing high demand. Please retry shortly."
"can I delete the account?",delete_account,delete_account,1,true,
"I would like information about user account deletions",delete_account,delete_account,1,true,
"I want to delete an account",delete_account,delete_account,1,true,
"assistance to delete the account",delete_account,delete_account,1,true,
"how do i remove my online account",delete_account,delete_account,1,true,
"assistance deleting my account",delete_account,delete_account,1,true,
"could you show me what options for delivery I can choose?",delivery_options,delivery_options,1,true,
"I would like to check what delivery options I have",delivery_options,delivery_options,1,true,
"I am calling to check what delivery options I have",delivery_options,delivery_options,1,true,
"I don't know how I can check what delivery options you offer",delivery_options,delivery_options,1,true,
"I need information about the delivery options",delivery_options,delivery_options,1,true,
"show me what delivery options you offer",delivery_options,delivery_options,1,true,
"I want help to check how long the delivery takes",delivery_period,delivery_period,0.99,true,
"where could I check when my item is going to arrive?",delivery_period,delivery_period,0.71,true,
"where to check how long the delivery takes?",delivery_period,delivery_period,0.99,true,
"I am trying to check how long the delivery takes",delivery_period,delivery_period,0.99,true,
"I need help to check how soon can I expect the item",delivery_period,delivery_period,1,true,
"give me information about the delivery period",delivery_period,delivery_period,1,true,
"can you hepl me correct the details on my profile?",edit_account,edit_account,1,true,
"how could I edit the information on my account?",edit_account,edit_account,1,true,
"I don't know how I can edit my account",edit_account,edit_account,1,true,
"i do not know how i can change the info on my profile",edit_account,edit_account,1,true,
"I need help to edit my account",edit_account,edit_account,1,true,
"help me editing my personal information",edit_account,edit_account,1,true,
"I do not know how I could get the invoices from 7 months ago",get_invoice,get_invoice,0.88,true,
"how do I get the invoices from 2 purchases ago?",get_invoice,check_invoice,0.71,false,
"send me the invoices from one purchases ago",get_invoice,get_invoice,0.88,true,
"help getting the invoice from last month",get_invoice,get_invoice,1,true,
"I do not know how to get the invoice from April",get_invoice,get_invoice,1,true,
"help me to get the invoice from 8 months ago",get_invoice,get_invoice,0.99,true,
"help me getting a refund",get_refund,get_refund,1,true,
"I need a refund",get_refund,get_refund,1,true,
"help me getting a refund of money",get_refund,get_refund,1,true,
"I want assistance getting refunds of money",get_refund,get_refund,1,true,
"how can I get a refund of money?",get_refund,get_refund,1,true,
"I need help getting a refund",get_refund,get_refund,1,true,
"I can't subscribe to hte newsletter",newsletter_subscription,newsletter_subscription,0.99,true,
"I am trying to subscribe to your company newsletter",newsletter_subscription,newsletter_subscription,1,true,
"I want to unsubscribe to your newsletter, can you help me?",newsletter_subscription,newsletter_subscription,1,true,
"I do not know what to do to sign up to your newsletter",newsletter_subscription,newsletter_subscription,1,true,
"I can't cancel the company newsletter subscription",newsletter_subscription,newsletter_subscription,1,true,
"I try to unsubscribe to the corporate newsletter",newsletter_subscription,newsletter_subscription,1,true,
"issues with payments",payment_issue,payment_issue,1,true,
"I need help solving issues with payments",payment_issue,payment_issue,1,true,
"I need assistance solving payment issues",payment_issue,payment_issue,1,true,
"help me to report an issue with payments",payment_issue,payment_issue,1,true,
"could you help me to report an issue with payment?",payment_issue,payment_issue,1,true,
"is it possible to report a payment issue?",payment_issue,payment_issue,1,true,
"I don't know how I can make a purchase",place_order,place_order,1,true,
"what do I have to do to buy something?",place_order,place_order,1,true,
"help me to make a purchase",place_order,place_order,1,true,
"help buying a few of your item",place_order,place_order,1,true,
"help me buy several items",place_order,place_order,1,true,
"I do not know what I need to do to buy several items",place_order,place_order,1,true,
"can you tell me more about a forgotten password?",recover_password,recover_password,1,true,
"where could I get information about forgotten passwords?",recover_password,recover_password,1,true,
"I want to know about forgotten passwords",recover_password,recover_password,1,true,
"I try to reset my pwd",recover_password,recover_password,1,true,
"what do I have to do to recover my password?",recover_password,recover_password,1,true,
"I have a problem with a forgotten password",recover_password,recover_password,1,true,
"need help to report a registration error",registration_problems,registration_problems,1,true,
"help me report registration issues",registration_problems,registration_problems,1,true,
"I want assistance reporting registration issues",registration_problems,registration_problems,1,true,
"report issue with registration",registration_problems,registration_problems,1,true,
"i cannot notify of a registration error",registration_problems,registration_problems,1,true,
"I would like to report registration issues",registration_problems,registration_problems,1,true,
"I want assistance to leave a review for your company",review,review,1,true,
"where can I leave a review for your services?",review,review,1,true,
"could you help me to submit some feedback?",review,review,1,true,
"help submitting some feedback for your services",review,review,1,true,
"help me leave a review",review,review,1,true,
"help me submit some feedback for your services",review,review,1,true,
"I don't know how I could set a new shipping address up",set_up_shipping_address,set_up_shipping_address,0.97,true,
"why I cannot set a different shipping address valid up",set_up_shipping_address,set_up_shipping_address,0.96,true,
"can you help me setting up a different shipping address?",set_up_shipping_address,set_up_shipping_address,0.98,true,
"why I can't set a new shipping address valid up",set_up_shipping_address,set_up_shipping_address,0.99,true,
"can I set a different shipping address up?",set_up_shipping_address,set_up_shipping_address,0.93,true,
"I want assistance setting another shipping address up",set_up_shipping_address,set_up_shipping_address,1,true,
"I need assistance switching to another account",switch_account,switch_account,1,true,
"I don't know what I need to do to switch user",switch_account,switch_account,1,true,
"I do not know what I need to do to switch user",switch_account,switch_account,1,true,
"i do not know how i can change to a new profile",switch_account,switch_account,1,true,
"I need to switch to another account",switch_account,switch_account,1,true,
"I am trying to switch user",switch_account,switch_account,1,true,
"is it possible to track my order?",track_order,track_order,1,true,
"help checking the status of my order",track_order,track_order,1,true,
"I have to track an order",track_order,track_order,1,true,
"how do I track the last order?",track_order,track_order,1,true,
"I try to track an order",track_order,track_order,1,true,
"help tracking my order",track_order,track_order,1,true,
"assistance to check the status of the refund",track_refund,track_refund,1,true,
"could I check the status of my refund?",track_refund,track_refund,1,true,
"what do I have to do to check the refund status?",track_refund,track_refund,1,true,
"I can't check if there is anything new on my refund",track_refund,track_refund,1,true,
"help me to check the status of my refund",track_refund,track_refund,1,true,
"could you show me the refund status?",track_refund,track_refund,1,true,

# accuracy,0.9812
# scored,160
# errored,2
# total,162
